return_id,order_id,product_id,return_date,reason
R00001,O01211,P097,2026-01-15,Defective
R00002,O06530,P041,2026-02-01,Defective
R00003,O06466,P044,2026-01-08,Customer Changed Mind
R00004,O03701,P073,2026-03-07,Damaged
R00005,O01093,P030,2026-02-14,Wrong Item
R00006,O06067,P083,2025-10-19,Damaged
R00007,O01471,P014,2026-02-04,Defective
R00008,O01876,P012,2026-03-04,Defective
R00009,O08101,P004,2025-10-30,Wrong Item
R00010,O02787,P033,2026-03-07,Wrong Item
R00011,O06103,P063,2025-11-15,Damaged
R00012,O01088,P021,2026-02-23,Customer Changed Mind
R00013,O07088,P049,2026-02-13,Defective
R00014,O06901,P026,2026-02-04,Customer Changed Mind
R00015,O04904,P069,2026-03-02,Defective
R00016,O01679,P069,2026-01-12,Customer Changed Mind
R00017,O04880,P089,2025-05-02,Defective
R00018,O04790,P033,2026-01-17,Defective
R00019,O04894,P058,2026-03-04,Damaged
R00020,O04577,P099,2026-02-27,Customer Changed Mind
R00021,O03728,P080,2026-01-15,Wrong Item
R00022,O02377,P097,2025-11-10,Customer Changed Mind
R00023,O03426,P007,2025-12-31,Defective
R00024,O01117,P031,2026-02-16,Damaged
R00025,O03676,P053,2026-02-09,Damaged
R00026,O04773,P047,2025-06-23,Defective
R00027,O00974,P082,2026-03-09,Damaged
R00028,O08720,P035,2026-02-10,Wrong Item
R00029,O06810,P041,2025-12-26,Damaged
R00030,O05342,P012,2026-01-04,Wrong Item
R00031,O08791,P056,2026-02-28,Damaged
R00032,O08920,P052,2025-09-25,Customer Changed Mind
R00033,O08362,P039,2025-12-16,Customer Changed Mind
R00034,O00009,P020,2026-02-01,Defective
R00035,O00568,P086,2025-08-26,Defective
R00036,O04700,P092,2026-01-19,Defective
R00037,O09811,P086,2026-02-15,Wrong Item
R00038,O03241,P072,2026-03-05,Customer Changed Mind
R00039,O08510,P088,2026-02-02,Damaged
R00040,O04979,P019,2026-02-28,Damaged
R00041,O02871,P035,2025-12-01,Customer Changed Mind
R00042,O04801,P068,2025-11-26,Customer Changed Mind
R00043,O05181,P047,2026-02-04,Damaged
R00044,O03056,P067,2026-01-18,Customer Changed Mind
R00045,O04644,P057,2025-10-21,Wrong Item
R00046,O08620,P051,2025-11-14,Defective
R00047,O09090,P025,2025-12-18,Defective
R00048,O03492,P004,2026-02-06,Wrong Item
R00049,O06471,P052,2026-01-25,Customer Changed Mind
R00050,O08644,P008,2026-02-13,Customer Changed Mind
R00051,O03937,P056,2026-03-05,Damaged
R00052,O08032,P086,2026-02-18,Wrong Item
R00053,O08681,P006,2026-02-01,Defective
R00054,O08966,P035,2025-10-04,Customer Changed Mind
R00055,O01456,P079,2026-01-07,Damaged
R00056,O02409,P047,2025-09-20,Damaged
R00057,O08850,P082,2026-01-25,Damaged
R00058,O09627,P043,2026-01-30,Wrong Item
R00059,O00966,P070,2026-03-09,Damaged
R00060,O03853,P058,2025-09-20,Wrong Item
R00061,O04783,P016,2025-09-25,Damaged
R00062,O08402,P072,2025-11-11,Customer Changed Mind
R00063,O03230,P065,2025-12-08,Wrong Item
R00064,O01702,P080,2026-03-07,Customer Changed Mind
R00065,O07180,P013,2026-02-06,Customer Changed Mind
R00066,O02176,P076,2025-07-07,Damaged
R00067,O04062,P015,2026-01-06,Customer Changed Mind
R00068,O02115,P022,2026-01-22,Wrong Item
R00069,O06744,P046,2025-11-14,Customer Changed Mind
R00070,O04435,P016,2026-03-08,Defective
R00071,O03062,P084,2026-03-02,Wrong Item
R00072,O02092,P068,2025-11-20,Customer Changed Mind
R00073,O05651,P059,2025-10-20,Defective
R00074,O02675,P100,2026-02-04,Defective
R00075,O03429,P098,2026-01-11,Wrong Item
R00076,O05334,P100,2026-02-24,Wrong Item
R00077,O05506,P053,2026-02-13,Defective
R00078,O00247,P084,2025-06-26,Damaged
R00079,O01410,P076,2026-02-09,Wrong Item
R00080,O00837,P014,2026-02-09,Defective
R00081,O08034,P053,2025-12-31,Defective
R00082,O09930,P067,2025-12-09,Defective
R00083,O09562,P049,2026-03-06,Defective
R00084,O01265,P004,2025-08-12,Damaged
R00085,O00343,P093,2026-02-04,Customer Changed Mind
R00086,O07646,P063,2025-05-07,Customer Changed Mind
R00087,O08210,P081,2025-11-10,Damaged
R00088,O08457,P017,2026-01-10,Defective
R00089,O07957,P040,2025-10-03,Damaged
R00090,O08067,P079,2026-01-31,Damaged
R00091,O05924,P003,2026-01-20,Wrong Item
R00092,O09408,P006,2026-01-03,Wrong Item
R00093,O06448,P058,2025-05-20,Wrong Item
R00094,O05442,P034,2026-02-06,Wrong Item
R00095,O09319,P089,2026-03-02,Wrong Item
R00096,O03494,P074,2026-01-03,Defective
R00097,O06093,P069,2025-12-23,Customer Changed Mind
R00098,O00901,P068,2025-12-14,Defective
R00099,O07957,P040,2025-07-09,Defective
R00100,O09581,P032,2025-10-07,Damaged
R00101,O04699,P028,2025-07-15,Customer Changed Mind
R00102,O05680,P085,2026-02-17,Customer Changed Mind
R00103,O06746,P088,2026-01-18,Customer Changed Mind
R00104,O04074,P069,2025-12-01,Wrong Item
R00105,O06964,P045,2025-09-12,Damaged
R00106,O07731,P005,2025-11-07,Wrong Item
R00107,O01723,P059,2026-02-09,Damaged
R00108,O07525,P096,2026-03-04,Customer Changed Mind
R00109,O06446,P021,2025-11-03,Defective
R00110,O05051,P045,2026-01-10,Defective
R00111,O02977,P084,2026-01-14,Customer Changed Mind
R00112,O03074,P077,2026-03-09,Defective
R00113,O07993,P018,2025-07-27,Customer Changed Mind
R00114,O07654,P085,2026-02-17,Damaged
R00115,O09686,P095,2025-11-28,Wrong Item
R00116,O00970,P089,2026-01-03,Defective
R00117,O02077,P066,2025-12-04,Wrong Item
R00118,O09573,P035,2026-01-23,Customer Changed Mind
R00119,O00766,P045,2025-10-22,Damaged
R00120,O04838,P066,2026-03-08,Damaged
R00121,O01213,P096,2026-02-05,Defective
R00122,O09509,P099,2026-03-09,Customer Changed Mind
R00123,O00128,P015,2025-11-27,Customer Changed Mind
R00124,O05261,P082,2026-03-04,Defective
R00125,O08033,P048,2025-11-08,Defective
R00126,O02876,P092,2026-01-12,Damaged
R00127,O01845,P003,2025-10-18,Customer Changed Mind
R00128,O09443,P088,2026-02-22,Defective
R00129,O06097,P084,2026-02-20,Customer Changed Mind
R00130,O01608,P022,2026-02-09,Damaged
R00131,O09941,P028,2025-12-21,Customer Changed Mind
R00132,O05842,P029,2026-02-08,Wrong Item
R00133,O09517,P006,2026-03-04,Wrong Item
R00134,O08415,P044,2025-11-10,Wrong Item
R00135,O03951,P040,2026-01-15,Defective
R00136,O07296,P060,2026-03-09,Customer Changed Mind
R00137,O06629,P025,2025-11-13,Customer Changed Mind
R00138,O09941,P028,2026-02-19,Defective
R00139,O09169,P033,2026-01-04,Damaged
R00140,O03677,P069,2025-12-08,Damaged
R00141,O09772,P054,2026-01-27,Defective
R00142,O07372,P098,2026-01-05,Damaged
R00143,O02870,P073,2026-02-07,Wrong Item
R00144,O04814,P055,2025-06-01,Damaged
R00145,O09366,P073,2026-01-31,Damaged
R00146,O01506,P006,2025-08-18,Wrong Item
R00147,O06184,P007,2026-03-06,Damaged
R00148,O07383,P047,2026-01-26,Defective
R00149,O07494,P001,2025-12-28,Damaged
R00150,O00319,P001,2026-03-05,Damaged
R00151,O01681,P095,2025-12-09,Wrong Item
R00152,O03736,P054,2026-02-13,Defective
R00153,O09907,P025,2025-10-30,Damaged
R00154,O02614,P070,2026-02-27,Customer Changed Mind
R00155,O06236,P076,2025-09-28,Defective
R00156,O08613,P020,2025-09-05,Damaged
R00157,O01131,P048,2025-11-14,Customer Changed Mind
R00158,O00594,P082,2025-07-06,Customer Changed Mind
R00159,O09918,P006,2025-09-30,Defective
R00160,O09519,P057,2025-10-11,Wrong Item
R00161,O03542,P029,2025-07-31,Defective
R00162,O03720,P008,2025-10-13,Damaged
R00163,O03497,P023,2025-08-08,Defective
R00164,O00103,P077,2026-02-07,Wrong Item
R00165,O08266,P090,2025-10-26,Wrong Item
R00166,O01201,P075,2025-12-07,Wrong Item
R00167,O02398,P029,2025-11-26,Wrong Item
R00168,O05181,P047,2026-01-27,Customer Changed Mind
R00169,O02748,P014,2025-11-13,Customer Changed Mind
R00170,O04011,P038,2026-02-24,Damaged
R00171,O07148,P036,2026-03-07,Damaged
R00172,O01784,P069,2026-02-10,Defective
R00173,O09410,P077,2025-08-29,Wrong Item
R00174,O07159,P017,2025-12-28,Defective
R00175,O09486,P056,2026-01-15,Damaged
R00176,O04164,P065,2026-03-03,Damaged
R00177,O09625,P020,2026-03-09,Customer Changed Mind
R00178,O08998,P052,2025-08-06,Defective
R00179,O07002,P026,2025-07-29,Defective
R00180,O04226,P036,2025-12-19,Wrong Item
R00181,O04259,P012,2025-09-29,Customer Changed Mind
R00182,O07607,P011,2026-02-25,Wrong Item
R00183,O09670,P051,2026-01-24,Customer Changed Mind
R00184,O00561,P012,2025-12-30,Defective
R00185,O06596,P054,2025-12-17,Wrong Item
R00186,O07191,P081,2026-02-24,Defective
R00187,O03864,P099,2025-09-17,Defective
R00188,O04687,P046,2026-01-29,Customer Changed Mind
R00189,O06953,P037,2026-01-18,Wrong Item
R00190,O07712,P058,2026-02-22,Customer Changed Mind
R00191,O09797,P055,2026-02-25,Wrong Item
R00192,O02376,P026,2026-01-24,Customer Changed Mind
R00193,O06941,P048,2026-02-06,Defective
R00194,O04510,P071,2026-01-09,Wrong Item
R00195,O02144,P065,2026-01-18,Defective
R00196,O04967,P091,2026-01-27,Wrong Item
R00197,O05122,P052,2026-02-10,Damaged
R00198,O02203,P062,2026-01-22,Wrong Item
R00199,O06519,P056,2026-02-06,Damaged
R00200,O05163,P040,2026-03-09,Wrong Item
R00201,O09404,P098,2026-01-16,Damaged
R00202,O02431,P089,2025-09-19,Defective
R00203,O09495,P064,2026-01-27,Wrong Item
R00204,O02040,P040,2025-11-21,Defective
R00205,O09207,P063,2025-12-29,Defective
R00206,O06662,P072,2025-09-25,Customer Changed Mind
R00207,O08947,P006,2025-12-31,Wrong Item
R00208,O02996,P074,2026-02-05,Defective
R00209,O05534,P021,2025-07-28,Wrong Item
R00210,O08730,P069,2026-02-16,Damaged
R00211,O06999,P099,2025-07-06,Defective
R00212,O00047,P064,2025-03-27,Wrong Item
R00213,O05118,P095,2025-08-09,Customer Changed Mind
R00214,O05286,P064,2025-11-25,Wrong Item
R00215,O04343,P006,2025-10-17,Defective
R00216,O07307,P066,2026-02-23,Wrong Item
R00217,O02576,P016,2026-02-10,Wrong Item
R00218,O06464,P078,2025-12-27,Defective
R00219,O07608,P025,2026-02-10,Defective
R00220,O08716,P051,2026-03-04,Wrong Item
R00221,O09426,P011,2026-01-13,Damaged
R00222,O02008,P034,2026-01-08,Damaged
R00223,O05006,P100,2025-12-02,Customer Changed Mind
R00224,O05640,P064,2025-04-01,Damaged
R00225,O07364,P012,2026-02-21,Damaged
R00226,O02099,P020,2025-07-29,Wrong Item
R00227,O04480,P075,2025-04-23,Wrong Item
R00228,O00098,P018,2026-03-02,Damaged
R00229,O04692,P005,2025-08-06,Defective
R00230,O07472,P042,2026-02-14,Defective
R00231,O05072,P025,2025-09-04,Wrong Item
R00232,O03144,P052,2026-01-19,Wrong Item
R00233,O02070,P084,2026-03-09,Defective
R00234,O01935,P029,2026-03-05,Defective
R00235,O00677,P100,2026-03-04,Wrong Item
R00236,O05128,P014,2026-02-12,Wrong Item
R00237,O02286,P092,2025-08-26,Defective
R00238,O02661,P065,2025-12-08,Damaged
R00239,O09893,P038,2025-12-15,Defective
R00240,O01878,P066,2025-07-31,Wrong Item
R00241,O01257,P005,2025-11-17,Defective
R00242,O05158,P084,2025-07-03,Wrong Item
R00243,O04605,P082,2025-09-14,Defective
R00244,O08933,P093,2026-02-26,Damaged
R00245,O01603,P078,2025-08-15,Damaged
R00246,O06827,P071,2026-01-09,Damaged
R00247,O09619,P049,2025-10-25,Wrong Item
R00248,O00437,P086,2025-12-29,Customer Changed Mind
R00249,O00518,P044,2026-01-08,Wrong Item
R00250,O00237,P050,2025-07-11,Damaged
R00251,O01890,P077,2025-11-04,Damaged
R00252,O08975,P020,2025-07-14,Damaged
R00253,O01909,P027,2025-12-24,Damaged
R00254,O06436,P033,2026-02-19,Defective
R00255,O04731,P030,2025-04-23,Damaged
R00256,O03794,P095,2026-03-09,Damaged
R00257,O05072,P025,2025-10-18,Defective
R00258,O04819,P077,2025-12-10,Customer Changed Mind
R00259,O05063,P085,2025-11-07,Damaged
R00260,O01846,P026,2026-02-25,Defective
R00261,O01650,P034,2026-02-26,Damaged
R00262,O05068,P062,2026-02-25,Defective
R00263,O01810,P090,2026-01-14,Wrong Item
R00264,O03562,P057,2026-03-09,Damaged
R00265,O08895,P062,2026-02-11,Customer Changed Mind
R00266,O02756,P076,2026-01-14,Wrong Item
R00267,O04983,P085,2025-11-05,Defective
R00268,O04169,P031,2026-02-21,Damaged
R00269,O04715,P055,2026-02-05,Wrong Item
R00270,O06202,P056,2026-01-16,Damaged
R00271,O05547,P067,2025-12-29,Customer Changed Mind
R00272,O00735,P095,2025-12-09,Defective
R00273,O04482,P030,2025-07-26,Damaged
R00274,O07076,P053,2025-09-25,Damaged
R00275,O08197,P039,2026-02-27,Damaged
R00276,O05220,P056,2026-01-16,Wrong Item
R00277,O05795,P026,2026-02-12,Wrong Item
R00278,O09820,P023,2026-01-13,Customer Changed Mind
R00279,O03926,P056,2026-02-22,Wrong Item
R00280,O01349,P054,2025-11-22,Customer Changed Mind
R00281,O08846,P067,2025-12-15,Defective
R00282,O06034,P094,2026-01-08,Defective
R00283,O05184,P023,2026-03-01,Customer Changed Mind
R00284,O07411,P005,2026-03-01,Damaged
R00285,O06906,P035,2025-05-09,Defective
R00286,O06939,P014,2026-01-25,Customer Changed Mind
R00287,O04569,P029,2025-11-20,Defective
R00288,O07755,P099,2025-06-06,Defective
R00289,O00344,P098,2025-12-30,Customer Changed Mind
R00290,O02906,P076,2025-05-25,Damaged
R00291,O05978,P092,2026-01-04,Defective
R00292,O05387,P052,2025-06-16,Defective
R00293,O00171,P029,2026-01-04,Wrong Item
R00294,O02328,P091,2026-02-05,Customer Changed Mind
R00295,O06295,P075,2026-01-15,Customer Changed Mind
R00296,O07364,P012,2025-12-05,Customer Changed Mind
R00297,O00545,P020,2025-10-08,Damaged
R00298,O06071,P090,2025-12-09,Damaged
R00299,O07938,P040,2025-08-11,Customer Changed Mind
R00300,O04999,P002,2025-11-13,Customer Changed Mind
R00301,O02089,P074,2026-01-21,Defective
R00302,O03705,P036,2025-10-19,Wrong Item
R00303,O00637,P016,2026-03-04,Defective
R00304,O03964,P033,2026-02-01,Customer Changed Mind
R00305,O03871,P058,2026-02-06,Damaged
R00306,O04406,P032,2025-09-14,Customer Changed Mind
R00307,O08110,P004,2026-03-09,Defective
R00308,O03451,P070,2025-10-27,Wrong Item
R00309,O04249,P063,2025-10-23,Defective
R00310,O07173,P085,2026-02-16,Defective
R00311,O01544,P080,2025-12-18,Wrong Item
R00312,O01378,P052,2025-08-07,Customer Changed Mind
R00313,O04934,P063,2026-01-29,Customer Changed Mind
R00314,O04005,P042,2025-11-13,Customer Changed Mind
R00315,O07165,P033,2026-02-15,Customer Changed Mind
R00316,O06072,P007,2026-01-24,Customer Changed Mind
R00317,O02051,P002,2025-10-06,Defective
R00318,O07721,P100,2026-02-10,Wrong Item
R00319,O07072,P060,2026-02-11,Defective
R00320,O03745,P092,2025-10-09,Customer Changed Mind
R00321,O02579,P089,2025-06-01,Damaged
R00322,O07838,P026,2025-12-06,Defective
R00323,O08904,P021,2025-05-24,Defective
R00324,O07792,P092,2025-12-11,Damaged
R00325,O00163,P034,2026-02-04,Wrong Item
R00326,O07366,P005,2025-10-22,Wrong Item
R00327,O01508,P094,2025-08-11,Damaged
R00328,O06151,P067,2025-07-29,Defective
R00329,O02547,P055,2026-01-12,Damaged
R00330,O04613,P085,2026-03-08,Damaged
R00331,O09552,P050,2025-05-25,Wrong Item
R00332,O02086,P071,2026-02-27,Defective
R00333,O00537,P013,2025-11-19,Customer Changed Mind
R00334,O08798,P044,2025-10-15,Damaged
R00335,O09416,P081,2025-11-20,Customer Changed Mind
R00336,O05575,P096,2026-01-07,Wrong Item
R00337,O02824,P052,2025-09-22,Damaged
R00338,O08624,P090,2026-01-28,Wrong Item
R00339,O08723,P049,2025-12-10,Defective
R00340,O00775,P067,2025-10-21,Damaged
R00341,O01426,P030,2026-02-12,Damaged
R00342,O02950,P031,2025-09-05,Defective
R00343,O09743,P060,2026-02-28,Wrong Item
R00344,O05111,P034,2026-01-07,Damaged
R00345,O04651,P063,2025-12-03,Wrong Item
R00346,O04855,P093,2025-11-07,Defective
R00347,O00177,P077,2026-02-14,Wrong Item
R00348,O04982,P023,2025-12-22,Defective
R00349,O03040,P073,2025-11-16,Customer Changed Mind
R00350,O02382,P071,2026-02-03,Defective
R00351,O09991,P050,2025-12-01,Wrong Item
R00352,O08733,P067,2026-02-18,Defective
R00353,O07527,P042,2026-01-06,Defective
R00354,O03800,P090,2026-02-27,Wrong Item
R00355,O05837,P097,2026-01-24,Wrong Item
R00356,O03994,P041,2026-02-13,Damaged
R00357,O00772,P094,2026-01-11,Defective
R00358,O01967,P019,2026-02-08,Wrong Item
R00359,O04578,P044,2025-09-23,Damaged
R00360,O07527,P042,2026-02-17,Damaged
R00361,O07203,P021,2026-03-09,Defective
R00362,O02447,P017,2026-03-05,Damaged
R00363,O03266,P079,2026-02-18,Damaged
R00364,O01514,P071,2026-02-09,Wrong Item
R00365,O05659,P077,2026-02-21,Damaged
R00366,O07866,P011,2025-11-23,Wrong Item
R00367,O09656,P037,2025-09-17,Customer Changed Mind
R00368,O09794,P005,2025-11-16,Defective
R00369,O05175,P071,2026-02-27,Defective
R00370,O07072,P060,2026-01-30,Customer Changed Mind
R00371,O06001,P033,2026-02-11,Wrong Item
R00372,O03713,P073,2026-01-15,Defective
R00373,O08533,P045,2025-12-06,Wrong Item
R00374,O02384,P022,2026-03-09,Damaged
R00375,O05511,P042,2026-03-05,Wrong Item
R00376,O04011,P038,2026-02-07,Customer Changed Mind
R00377,O02319,P054,2026-01-25,Customer Changed Mind
R00378,O08497,P089,2026-01-29,Damaged
R00379,O07925,P034,2025-12-01,Defective
R00380,O06940,P076,2025-11-02,Wrong Item
R00381,O07104,P003,2026-03-08,Damaged
R00382,O08152,P005,2025-06-22,Defective
R00383,O03077,P039,2025-06-06,Defective
R00384,O06826,P003,2025-04-23,Defective
R00385,O08288,P053,2026-02-21,Damaged
R00386,O00474,P049,2026-03-02,Wrong Item
R00387,O01622,P009,2025-08-23,Customer Changed Mind
R00388,O04491,P099,2025-09-21,Damaged
R00389,O07315,P048,2026-01-14,Damaged
R00390,O04026,P005,2025-12-08,Customer Changed Mind
R00391,O08789,P031,2025-07-12,Customer Changed Mind
R00392,O04931,P010,2025-11-16,Damaged
R00393,O05682,P012,2025-07-05,Customer Changed Mind
R00394,O08972,P044,2025-07-26,Defective
R00395,O08023,P098,2026-02-12,Wrong Item
R00396,O07322,P027,2025-06-29,Wrong Item
R00397,O03641,P048,2025-10-09,Wrong Item
R00398,O07445,P005,2026-03-06,Damaged
R00399,O07485,P016,2025-12-08,Defective
R00400,O09653,P077,2026-03-01,Wrong Item
R00401,O00673,P025,2025-08-31,Customer Changed Mind
R00402,O06637,P058,2025-09-03,Customer Changed Mind
R00403,O09785,P007,2025-10-28,Defective
R00404,O04901,P048,2026-02-18,Customer Changed Mind
R00405,O06899,P068,2025-09-09,Damaged
R00406,O08733,P067,2026-01-19,Defective
R00407,O00679,P052,2025-12-16,Wrong Item
R00408,O09735,P003,2026-01-17,Damaged
R00409,O06222,P041,2025-09-21,Customer Changed Mind
R00410,O01564,P008,2026-01-06,Customer Changed Mind
R00411,O02139,P069,2026-03-02,Damaged
R00412,O01750,P061,2026-02-23,Damaged
R00413,O03954,P056,2026-02-10,Customer Changed Mind
R00414,O02343,P006,2025-05-17,Damaged
R00415,O07289,P066,2026-01-31,Defective
R00416,O08725,P049,2025-10-26,Wrong Item
R00417,O00894,P057,2026-02-15,Defective
R00418,O02401,P027,2026-01-14,Damaged
R00419,O08138,P064,2026-01-20,Damaged
R00420,O02551,P051,2025-11-28,Damaged
R00421,O07679,P008,2025-10-18,Customer Changed Mind
R00422,O08241,P028,2025-09-10,Defective
R00423,O08447,P017,2026-01-31,Wrong Item
R00424,O00040,P039,2026-02-03,Wrong Item
R00425,O04905,P044,2025-11-25,Wrong Item
R00426,O03919,P064,2025-12-29,Damaged
R00427,O08931,P098,2026-02-23,Wrong Item
R00428,O03183,P047,2025-10-01,Damaged
R00429,O00796,P093,2026-02-20,Damaged
R00430,O03221,P050,2025-10-31,Wrong Item
R00431,O03768,P050,2026-01-10,Customer Changed Mind
R00432,O05156,P037,2026-03-08,Customer Changed Mind
R00433,O09494,P080,2025-07-06,Wrong Item
R00434,O07839,P057,2026-01-11,Wrong Item
R00435,O05243,P076,2026-02-17,Customer Changed Mind
R00436,O01614,P058,2026-01-28,Customer Changed Mind
R00437,O08381,P100,2025-11-12,Wrong Item
R00438,O08548,P038,2026-02-05,Defective
R00439,O09393,P057,2025-11-09,Wrong Item
R00440,O07623,P095,2025-11-27,Damaged
R00441,O00373,P091,2026-02-05,Customer Changed Mind
R00442,O06401,P003,2026-02-08,Customer Changed Mind
R00443,O08872,P075,2026-01-16,Defective
R00444,O05349,P024,2025-11-19,Wrong Item
R00445,O04311,P032,2026-01-01,Damaged
R00446,O04702,P027,2025-12-21,Defective
R00447,O06379,P033,2026-03-09,Wrong Item
R00448,O06049,P071,2026-03-03,Damaged
R00449,O07126,P057,2026-02-15,Damaged
R00450,O05289,P082,2025-09-16,Damaged
R00451,O07682,P060,2025-12-15,Defective
R00452,O04811,P049,2026-02-21,Damaged
R00453,O03759,P020,2025-12-02,Damaged
R00454,O06806,P099,2025-08-25,Customer Changed Mind
R00455,O04513,P065,2026-03-01,Damaged
R00456,O00369,P036,2026-02-19,Defective
R00457,O06873,P001,2025-09-29,Customer Changed Mind
R00458,O01736,P089,2025-10-29,Damaged
R00459,O09786,P037,2025-10-20,Customer Changed Mind
R00460,O08372,P053,2026-03-01,Damaged
R00461,O02272,P098,2025-07-13,Customer Changed Mind
R00462,O03648,P044,2025-09-15,Defective
R00463,O02748,P014,2025-09-09,Defective
R00464,O08590,P025,2026-01-27,Customer Changed Mind
R00465,O07218,P008,2025-05-09,Defective
R00466,O06623,P029,2026-02-18,Defective
R00467,O05151,P091,2025-10-05,Wrong Item
R00468,O06672,P053,2025-11-17,Damaged
R00469,O03305,P055,2026-02-01,Defective
R00470,O05808,P099,2025-11-27,Defective
R00471,O08816,P002,2025-09-05,Defective
R00472,O04139,P043,2025-10-23,Defective
R00473,O02647,P032,2026-01-31,Wrong Item
R00474,O00385,P055,2025-10-31,Defective
R00475,O08818,P006,2025-08-10,Defective
R00476,O03319,P044,2025-06-07,Defective
R00477,O02406,P074,2026-02-26,Defective
R00478,O08117,P077,2025-11-22,Wrong Item
R00479,O02932,P079,2025-12-14,Defective
R00480,O04933,P055,2026-02-27,Damaged
R00481,O07271,P076,2026-02-27,Wrong Item
R00482,O01154,P082,2025-06-04,Defective
R00483,O00151,P063,2026-01-13,Damaged
R00484,O09689,P079,2025-08-17,Defective
R00485,O04159,P007,2026-01-11,Customer Changed Mind
R00486,O07904,P067,2025-10-30,Wrong Item
R00487,O07096,P014,2026-01-03,Defective
R00488,O01039,P074,2025-08-10,Defective
R00489,O08145,P035,2025-06-20,Defective
R00490,O07742,P048,2026-01-19,Damaged
R00491,O04238,P099,2025-11-22,Customer Changed Mind
R00492,O08191,P092,2026-03-03,Wrong Item
R00493,O04749,P063,2025-09-18,Wrong Item
R00494,O03471,P096,2025-12-07,Customer Changed Mind
R00495,O00026,P076,2025-12-29,Damaged
R00496,O04492,P092,2025-08-22,Customer Changed Mind
R00497,O06792,P023,2026-02-27,Wrong Item
R00498,O07112,P060,2025-07-17,Damaged
R00499,O03716,P076,2025-11-26,Defective
R00500,O04289,P071,2025-11-30,Wrong Item
R00501,O07979,P012,2026-02-21,Defective
R00502,O01123,P095,2025-09-28,Customer Changed Mind
R00503,O08446,P051,2025-12-11,Customer Changed Mind
R00504,O04686,P030,2025-12-23,Customer Changed Mind
R00505,O01101,P047,2026-03-04,Wrong Item
R00506,O03976,P079,2026-01-20,Wrong Item
R00507,O04750,P060,2026-01-04,Wrong Item
R00508,O06513,P009,2026-02-18,Defective
R00509,O09779,P022,2025-11-02,Customer Changed Mind
R00510,O03466,P047,2026-03-08,Damaged
R00511,O00553,P052,2025-07-19,Wrong Item
R00512,O02251,P030,2026-03-03,Wrong Item
R00513,O01642,P090,2026-02-20,Defective
R00514,O06778,P055,2025-08-19,Wrong Item
R00515,O06670,P076,2026-02-27,Defective
R00516,O06866,P025,2026-01-24,Customer Changed Mind
R00517,O09032,P050,2025-07-20,Defective
R00518,O04263,P098,2025-11-04,Defective
R00519,O07276,P043,2026-01-21,Defective
R00520,O03325,P062,2025-11-28,Defective
R00521,O09934,P026,2026-01-22,Defective
R00522,O03159,P078,2026-01-21,Defective
R00523,O00889,P046,2025-10-27,Wrong Item
R00524,O05220,P056,2026-02-26,Defective
R00525,O03454,P065,2025-05-14,Customer Changed Mind
R00526,O03867,P054,2025-11-15,Defective
R00527,O01964,P029,2025-11-21,Wrong Item
R00528,O06202,P056,2025-12-25,Wrong Item
R00529,O04026,P005,2026-02-12,Defective
R00530,O03574,P024,2026-02-26,Defective
R00531,O08449,P019,2025-08-03,Wrong Item
R00532,O08682,P058,2025-12-30,Damaged
R00533,O08465,P061,2025-10-17,Wrong Item
R00534,O06139,P089,2025-12-05,Defective
R00535,O08210,P081,2025-11-01,Defective
R00536,O00994,P016,2026-01-22,Defective
R00537,O00448,P066,2025-12-27,Defective
R00538,O01762,P001,2025-11-15,Customer Changed Mind
R00539,O07810,P020,2026-03-04,Wrong Item
R00540,O07327,P011,2025-12-28,Customer Changed Mind
R00541,O01507,P008,2026-02-23,Customer Changed Mind
R00542,O09139,P056,2025-05-16,Damaged
R00543,O09117,P099,2026-01-26,Wrong Item
R00544,O03887,P061,2025-06-23,Defective
R00545,O06595,P037,2025-05-26,Customer Changed Mind
R00546,O01565,P053,2025-09-26,Wrong Item
R00547,O04250,P094,2025-12-29,Defective
R00548,O00126,P044,2026-01-04,Damaged
R00549,O09425,P008,2026-02-19,Damaged
R00550,O02289,P050,2025-10-15,Wrong Item
R00551,O05610,P069,2026-02-15,Wrong Item
R00552,O03029,P011,2025-06-27,Customer Changed Mind
R00553,O04989,P067,2026-01-31,Damaged
R00554,O04105,P090,2025-10-27,Wrong Item
R00555,O05092,P077,2025-12-30,Wrong Item
R00556,O04064,P084,2025-12-04,Wrong Item
R00557,O02823,P019,2026-02-08,Defective
R00558,O06854,P070,2025-11-15,Defective
R00559,O07498,P025,2026-01-26,Customer Changed Mind
R00560,O00100,P072,2025-08-24,Damaged
R00561,O00952,P021,2025-09-13,Customer Changed Mind
R00562,O02567,P071,2025-12-22,Wrong Item
R00563,O09666,P007,2025-12-31,Customer Changed Mind
R00564,O02839,P033,2026-02-04,Damaged
R00565,O04613,P085,2026-03-07,Defective
R00566,O03394,P078,2025-08-24,Wrong Item
R00567,O09289,P005,2026-02-14,Defective
R00568,O00465,P099,2026-02-09,Defective
R00569,O00605,P027,2026-02-01,Customer Changed Mind
R00570,O08469,P035,2025-11-05,Wrong Item
R00571,O06997,P059,2026-02-03,Wrong Item
R00572,O01414,P018,2026-01-30,Customer Changed Mind
R00573,O07830,P073,2026-03-06,Defective
R00574,O02873,P058,2026-02-08,Wrong Item
R00575,O09473,P051,2026-02-17,Customer Changed Mind
R00576,O00150,P024,2025-12-21,Wrong Item
R00577,O09056,P081,2025-12-30,Customer Changed Mind
R00578,O03491,P098,2025-12-09,Defective
R00579,O05786,P080,2025-11-01,Wrong Item
R00580,O04002,P019,2025-12-17,Damaged
R00581,O03200,P068,2025-10-13,Wrong Item
R00582,O07801,P064,2026-02-23,Defective
R00583,O07353,P067,2025-05-01,Damaged
R00584,O01634,P081,2025-08-12,Damaged
R00585,O05208,P060,2026-02-10,Defective
R00586,O04073,P077,2025-09-10,Damaged
R00587,O06072,P007,2025-08-24,Wrong Item
R00588,O01371,P082,2026-01-19,Defective
R00589,O05035,P007,2025-10-20,Damaged
R00590,O08559,P072,2026-02-03,Defective
R00591,O04575,P093,2026-01-29,Customer Changed Mind
R00592,O05799,P078,2026-01-23,Customer Changed Mind
R00593,O06024,P072,2026-02-24,Damaged
R00594,O09078,P037,2025-11-11,Defective
R00595,O00014,P018,2026-02-22,Customer Changed Mind
R00596,O08060,P047,2026-03-06,Damaged
R00597,O05085,P062,2026-03-09,Defective
R00598,O03201,P019,2026-02-04,Damaged
R00599,O04542,P007,2026-02-18,Wrong Item
R00600,O05257,P066,2025-08-02,Wrong Item
R00601,O04202,P034,2025-10-22,Defective
R00602,O01952,P063,2025-07-27,Damaged
R00603,O00972,P029,2025-10-27,Wrong Item
R00604,O06301,P077,2025-09-05,Wrong Item
R00605,O09459,P092,2026-02-11,Customer Changed Mind
R00606,O06465,P013,2025-10-04,Damaged
R00607,O06760,P070,2025-09-07,Customer Changed Mind
R00608,O06597,P065,2026-01-25,Customer Changed Mind
R00609,O04259,P012,2025-08-02,Defective
R00610,O03114,P099,2025-11-30,Damaged
R00611,O07019,P048,2025-12-10,Defective
R00612,O08014,P095,2025-12-24,Customer Changed Mind
R00613,O00639,P020,2026-02-18,Customer Changed Mind
R00614,O05381,P037,2025-12-26,Damaged
R00615,O02579,P089,2025-07-23,Wrong Item
R00616,O02532,P045,2026-03-08,Damaged
R00617,O09102,P069,2026-03-09,Wrong Item
R00618,O03529,P025,2026-02-08,Wrong Item
R00619,O06547,P027,2026-02-07,Wrong Item
R00620,O04016,P049,2026-01-16,Wrong Item
R00621,O06165,P024,2026-01-26,Wrong Item
R00622,O07073,P016,2026-03-08,Defective
R00623,O05137,P067,2025-12-22,Defective
R00624,O04135,P057,2025-03-22,Defective
R00625,O01213,P096,2025-11-15,Wrong Item
R00626,O08096,P016,2026-02-17,Defective
R00627,O09636,P084,2026-03-02,Defective
R00628,O03428,P007,2026-01-26,Defective
R00629,O04047,P004,2026-01-24,Damaged
R00630,O01466,P093,2025-08-22,Wrong Item
R00631,O02623,P033,2026-02-26,Wrong Item
R00632,O01030,P016,2026-02-15,Customer Changed Mind
R00633,O04073,P077,2025-08-23,Customer Changed Mind
R00634,O06682,P060,2025-08-15,Damaged
R00635,O02229,P041,2026-01-25,Damaged
R00636,O02758,P057,2026-03-09,Wrong Item
R00637,O05453,P067,2025-11-11,Customer Changed Mind
R00638,O04169,P031,2026-03-03,Customer Changed Mind
R00639,O02687,P087,2025-11-08,Damaged
R00640,O08701,P049,2025-10-31,Customer Changed Mind
R00641,O09528,P075,2025-06-20,Defective
R00642,O00680,P016,2025-11-20,Wrong Item
R00643,O08821,P090,2026-03-05,Damaged
R00644,O06618,P034,2026-02-01,Customer Changed Mind
R00645,O07452,P091,2025-09-11,Customer Changed Mind
R00646,O03083,P048,2026-03-07,Wrong Item
R00647,O07577,P060,2026-02-26,Damaged
R00648,O02033,P037,2025-09-29,Customer Changed Mind
R00649,O02846,P051,2026-02-27,Defective
R00650,O06649,P021,2025-11-27,Damaged
R00651,O03699,P003,2025-07-04,Damaged
R00652,O05829,P075,2025-09-12,Wrong Item
R00653,O05068,P062,2026-02-23,Damaged
R00654,O03577,P090,2026-02-10,Damaged
R00655,O01586,P038,2025-12-30,Defective
R00656,O08896,P048,2025-11-16,Wrong Item
R00657,O02922,P017,2026-02-11,Customer Changed Mind
R00658,O05498,P039,2026-02-24,Defective
R00659,O09588,P090,2026-02-23,Customer Changed Mind
R00660,O03506,P090,2025-11-14,Damaged
R00661,O03030,P086,2025-10-15,Damaged
R00662,O00896,P095,2025-11-10,Wrong Item
R00663,O08710,P079,2025-11-16,Customer Changed Mind
R00664,O09975,P002,2025-12-14,Defective
R00665,O09008,P015,2025-09-25,Damaged
R00666,O08428,P017,2025-11-08,Defective
R00667,O04584,P079,2026-02-24,Defective
R00668,O02057,P099,2026-02-10,Customer Changed Mind
R00669,O06280,P031,2026-03-09,Customer Changed Mind
R00670,O07087,P088,2025-07-09,Customer Changed Mind
R00671,O09516,P041,2026-02-11,Defective
R00672,O08043,P082,2026-01-23,Customer Changed Mind
R00673,O06105,P031,2025-12-23,Wrong Item
R00674,O02031,P077,2026-02-27,Damaged
R00675,O08449,P019,2025-11-21,Wrong Item
R00676,O01630,P081,2026-03-05,Defective
R00677,O02036,P067,2025-06-10,Defective
R00678,O00273,P004,2026-02-17,Wrong Item
R00679,O08553,P061,2026-02-12,Damaged
R00680,O08114,P025,2026-02-21,Damaged
R00681,O07058,P005,2025-12-07,Wrong Item
R00682,O01679,P069,2025-11-30,Customer Changed Mind
R00683,O05756,P098,2025-05-08,Wrong Item
R00684,O07351,P041,2025-12-13,Defective
R00685,O00991,P038,2026-03-03,Defective
R00686,O08924,P042,2025-12-31,Wrong Item
R00687,O03686,P047,2026-03-07,Damaged
R00688,O03499,P003,2026-03-03,Damaged
R00689,O04403,P066,2026-01-06,Defective
R00690,O05331,P036,2025-06-12,Damaged
R00691,O07372,P098,2025-12-22,Damaged
R00692,O06516,P089,2025-08-14,Damaged
R00693,O03888,P032,2025-12-10,Defective
R00694,O06828,P029,2025-12-09,Defective
R00695,O02694,P090,2025-12-07,Customer Changed Mind
R00696,O04905,P044,2026-01-08,Customer Changed Mind
R00697,O03619,P001,2026-02-10,Damaged
R00698,O08889,P064,2025-12-25,Damaged
R00699,O01785,P028,2025-10-05,Customer Changed Mind
R00700,O05782,P059,2026-02-20,Customer Changed Mind
R00701,O05017,P044,2026-01-14,Damaged
R00702,O02892,P049,2025-10-18,Damaged
R00703,O06565,P024,2026-02-24,Customer Changed Mind
R00704,O08643,P048,2025-05-30,Customer Changed Mind
R00705,O03905,P020,2025-11-21,Wrong Item
R00706,O00662,P025,2025-10-27,Damaged
R00707,O04954,P042,2026-01-17,Damaged
R00708,O03616,P010,2026-03-09,Defective
R00709,O09785,P007,2025-11-11,Damaged
R00710,O06430,P062,2025-12-14,Defective
R00711,O00637,P016,2025-12-18,Damaged
R00712,O02582,P078,2025-06-12,Customer Changed Mind
R00713,O09248,P078,2025-09-30,Customer Changed Mind
R00714,O01285,P064,2025-11-22,Wrong Item
R00715,O00399,P019,2026-02-15,Defective
R00716,O03545,P059,2026-03-06,Damaged
R00717,O09165,P064,2025-12-16,Defective
R00718,O02739,P099,2025-12-31,Damaged
R00719,O05021,P031,2025-11-12,Customer Changed Mind
R00720,O06831,P019,2025-05-08,Customer Changed Mind
R00721,O08609,P056,2025-08-07,Customer Changed Mind
R00722,O08564,P034,2026-02-28,Defective
R00723,O03132,P035,2026-02-19,Damaged
R00724,O01391,P088,2026-01-02,Customer Changed Mind
R00725,O06657,P007,2026-01-18,Wrong Item
R00726,O08628,P028,2026-01-14,Defective
R00727,O00089,P003,2025-11-07,Damaged
R00728,O08312,P027,2025-10-01,Defective
R00729,O01357,P045,2026-03-06,Customer Changed Mind
R00730,O07852,P082,2025-12-27,Customer Changed Mind
R00731,O07769,P036,2026-02-26,Damaged
R00732,O05726,P042,2026-03-02,Customer Changed Mind
R00733,O03127,P097,2025-10-03,Wrong Item
R00734,O07919,P025,2025-05-08,Customer Changed Mind
R00735,O08328,P086,2026-01-04,Damaged
R00736,O00281,P081,2025-11-30,Customer Changed Mind
R00737,O06386,P058,2026-03-04,Defective
R00738,O06252,P012,2026-03-09,Customer Changed Mind
R00739,O08410,P054,2025-11-22,Wrong Item
R00740,O08746,P014,2025-11-24,Damaged
R00741,O01128,P035,2026-01-24,Wrong Item
R00742,O04549,P079,2025-10-07,Customer Changed Mind
R00743,O02886,P065,2025-11-27,Damaged
R00744,O08633,P049,2025-12-17,Defective
R00745,O02639,P094,2026-03-01,Defective
R00746,O03760,P029,2025-12-12,Defective
R00747,O06232,P024,2026-02-24,Damaged
R00748,O09468,P070,2026-02-09,Wrong Item
R00749,O05236,P007,2026-01-04,Customer Changed Mind
R00750,O09794,P005,2025-10-22,Damaged
R00751,O05649,P032,2026-02-14,Damaged
R00752,O05515,P067,2026-01-08,Customer Changed Mind
R00753,O03795,P099,2026-03-02,Damaged
R00754,O03782,P061,2025-10-26,Defective
R00755,O08055,P037,2026-03-08,Defective
R00756,O02054,P030,2026-03-07,Wrong Item
R00757,O04388,P027,2026-02-09,Wrong Item
R00758,O04854,P100,2025-10-26,Defective
R00759,O02656,P082,2026-03-09,Damaged
R00760,O01995,P016,2026-03-07,Defective
R00761,O04682,P056,2026-02-02,Wrong Item
R00762,O08572,P006,2025-09-30,Wrong Item
R00763,O08786,P099,2026-02-28,Damaged
R00764,O05770,P062,2026-01-18,Customer Changed Mind
R00765,O02241,P035,2025-09-19,Customer Changed Mind
R00766,O07073,P016,2026-03-08,Damaged
R00767,O04149,P056,2026-03-04,Customer Changed Mind
R00768,O07927,P060,2025-07-08,Wrong Item
R00769,O09370,P056,2026-03-05,Defective
R00770,O02869,P028,2026-02-18,Customer Changed Mind
R00771,O01305,P078,2025-12-29,Customer Changed Mind
R00772,O07149,P067,2025-11-04,Wrong Item
R00773,O05315,P091,2026-01-29,Damaged
R00774,O08586,P037,2026-03-04,Damaged
R00775,O05333,P024,2026-02-05,Defective
R00776,O02891,P079,2026-02-28,Customer Changed Mind
R00777,O07620,P013,2026-03-03,Damaged
R00778,O06883,P031,2026-02-16,Customer Changed Mind
R00779,O03254,P007,2026-02-18,Wrong Item
R00780,O02139,P069,2025-11-13,Defective
R00781,O07663,P022,2026-02-06,Customer Changed Mind
R00782,O05383,P019,2025-12-26,Customer Changed Mind
R00783,O02985,P074,2026-02-25,Wrong Item
R00784,O04073,P077,2025-10-20,Wrong Item
R00785,O04746,P041,2026-02-03,Customer Changed Mind
R00786,O07326,P005,2025-10-31,Damaged
R00787,O09020,P089,2025-07-23,Wrong Item
R00788,O04080,P005,2025-10-09,Customer Changed Mind
R00789,O09195,P013,2025-08-28,Wrong Item
R00790,O01332,P029,2025-10-27,Customer Changed Mind
R00791,O00541,P020,2025-12-06,Damaged
R00792,O08985,P064,2025-08-18,Customer Changed Mind
R00793,O06373,P030,2025-05-27,Wrong Item
R00794,O06877,P033,2025-09-15,Wrong Item
R00795,O00413,P073,2025-12-09,Customer Changed Mind
R00796,O07935,P085,2026-03-02,Damaged
R00797,O08058,P063,2025-07-23,Damaged
R00798,O06347,P085,2025-09-02,Damaged
R00799,O08919,P049,2026-01-02,Damaged
R00800,O07239,P066,2026-03-01,Damaged
R00801,O02464,P017,2025-07-27,Customer Changed Mind
R00802,O07762,P002,2025-11-19,Damaged
R00803,O02909,P011,2025-10-18,Customer Changed Mind
R00804,O04092,P084,2025-07-23,Wrong Item
R00805,O08725,P049,2025-11-26,Defective
R00806,O06068,P074,2026-01-29,Damaged
R00807,O04116,P033,2026-02-18,Damaged
R00808,O07692,P050,2026-02-25,Damaged
R00809,O03137,P048,2025-11-25,Damaged
R00810,O01411,P003,2026-03-05,Damaged
R00811,O01388,P031,2026-03-04,Customer Changed Mind
R00812,O09811,P086,2026-01-30,Wrong Item
R00813,O08987,P071,2025-12-17,Customer Changed Mind
R00814,O04407,P092,2025-12-15,Damaged
R00815,O05802,P078,2025-09-03,Defective
R00816,O03870,P050,2026-02-23,Damaged
R00817,O09093,P089,2025-10-21,Damaged
R00818,O09671,P004,2026-02-08,Customer Changed Mind
R00819,O02829,P032,2026-01-09,Wrong Item
R00820,O08377,P081,2026-01-30,Wrong Item
R00821,O09563,P001,2026-03-06,Defective
R00822,O07736,P038,2026-02-24,Wrong Item
R00823,O08271,P019,2026-01-21,Damaged
R00824,O04402,P083,2025-12-19,Damaged
R00825,O01778,P046,2026-03-09,Customer Changed Mind
R00826,O09411,P047,2025-12-19,Customer Changed Mind
R00827,O00245,P056,2025-09-01,Defective
R00828,O01709,P075,2025-08-13,Defective
R00829,O01296,P076,2026-02-02,Damaged
R00830,O05162,P042,2026-01-21,Wrong Item
R00831,O06414,P042,2025-05-01,Wrong Item
R00832,O09956,P092,2025-11-28,Damaged
R00833,O05034,P076,2026-03-01,Defective
R00834,O03950,P064,2025-12-06,Defective
R00835,O08346,P050,2026-03-08,Wrong Item
R00836,O02972,P036,2026-03-09,Defective
R00837,O07600,P015,2026-03-08,Wrong Item
R00838,O01460,P010,2025-07-01,Damaged
R00839,O08174,P064,2026-02-23,Defective
R00840,O08128,P073,2025-09-06,Customer Changed Mind
R00841,O04664,P033,2026-01-15,Wrong Item
R00842,O00278,P093,2026-01-11,Wrong Item
R00843,O06593,P076,2025-11-22,Damaged
R00844,O06386,P058,2026-03-01,Wrong Item
R00845,O03427,P028,2026-02-15,Damaged
R00846,O07571,P069,2025-11-16,Damaged
R00847,O01050,P033,2026-01-13,Customer Changed Mind
R00848,O02127,P092,2025-08-01,Customer Changed Mind
R00849,O09774,P093,2026-03-09,Defective
R00850,O00291,P022,2026-02-28,Defective
R00851,O04608,P017,2025-09-14,Customer Changed Mind
R00852,O07167,P006,2026-02-15,Customer Changed Mind
R00853,O06591,P024,2025-12-28,Customer Changed Mind
R00854,O04126,P079,2026-02-24,Defective
R00855,O09121,P052,2025-07-19,Wrong Item
R00856,O05941,P092,2025-11-14,Wrong Item
R00857,O06676,P009,2025-09-06,Defective
R00858,O04115,P071,2026-03-05,Defective
R00859,O06782,P060,2025-10-11,Damaged
R00860,O07932,P099,2026-01-19,Damaged
R00861,O07519,P004,2025-12-22,Wrong Item
R00862,O05487,P085,2026-03-02,Wrong Item
R00863,O02360,P016,2025-12-08,Defective
R00864,O04880,P089,2025-08-11,Wrong Item
R00865,O09252,P052,2026-02-26,Defective
R00866,O01583,P086,2025-11-21,Defective
R00867,O09649,P010,2026-02-23,Damaged
R00868,O04449,P009,2025-09-26,Wrong Item
R00869,O08505,P052,2026-02-25,Customer Changed Mind
R00870,O08442,P012,2025-05-11,Wrong Item
R00871,O01412,P061,2025-11-06,Damaged
R00872,O06949,P099,2025-12-02,Defective
R00873,O07230,P077,2026-02-10,Wrong Item
R00874,O06423,P054,2025-12-01,Defective
R00875,O08939,P047,2025-11-19,Damaged
R00876,O01269,P084,2026-02-04,Customer Changed Mind
R00877,O07988,P084,2026-02-03,Customer Changed Mind
R00878,O01200,P076,2025-09-23,Customer Changed Mind
R00879,O01629,P057,2026-02-20,Defective
R00880,O04403,P066,2026-02-28,Wrong Item
R00881,O06834,P014,2026-01-05,Defective
R00882,O02363,P022,2025-12-03,Customer Changed Mind
R00883,O09919,P092,2025-03-25,Customer Changed Mind
R00884,O07188,P031,2026-01-10,Damaged
R00885,O07625,P005,2026-02-28,Customer Changed Mind
R00886,O07528,P030,2026-01-19,Wrong Item
R00887,O08646,P087,2026-01-15,Wrong Item
R00888,O05979,P026,2025-11-18,Defective
R00889,O06619,P062,2025-12-20,Customer Changed Mind
R00890,O08224,P093,2025-07-18,Wrong Item
R00891,O03982,P081,2025-12-15,Defective
R00892,O09882,P033,2026-01-24,Wrong Item
R00893,O04538,P096,2026-02-21,Customer Changed Mind
R00894,O01622,P009,2025-07-22,Customer Changed Mind
R00895,O09321,P063,2025-11-19,Wrong Item
R00896,O00665,P067,2026-02-23,Damaged
R00897,O09796,P033,2025-12-20,Defective
R00898,O06739,P099,2025-09-14,Damaged
R00899,O05795,P026,2026-02-25,Wrong Item
R00900,O01485,P094,2026-01-21,Damaged
R00901,O08440,P002,2026-03-05,Defective
R00902,O00673,P025,2025-12-05,Defective
R00903,O09836,P068,2025-12-10,Defective
R00904,O05295,P032,2026-01-30,Customer Changed Mind
R00905,O04898,P064,2025-12-21,Customer Changed Mind
R00906,O05162,P042,2025-10-28,Defective
R00907,O07600,P015,2025-10-20,Customer Changed Mind
R00908,O05850,P091,2026-01-19,Defective
R00909,O04706,P081,2025-11-11,Wrong Item
R00910,O09112,P087,2026-02-09,Customer Changed Mind
R00911,O01931,P016,2026-02-27,Wrong Item
R00912,O00829,P005,2026-02-17,Customer Changed Mind
R00913,O09404,P098,2025-11-09,Damaged
R00914,O02577,P076,2025-10-07,Damaged
R00915,O09745,P098,2026-02-08,Customer Changed Mind
R00916,O09296,P008,2026-02-10,Wrong Item
R00917,O05010,P003,2025-07-12,Customer Changed Mind
R00918,O04293,P049,2026-02-14,Damaged
R00919,O05855,P094,2026-03-08,Wrong Item
R00920,O08917,P005,2026-02-11,Damaged
R00921,O02618,P002,2025-12-30,Wrong Item
R00922,O01538,P098,2026-03-01,Customer Changed Mind
R00923,O00091,P022,2025-08-27,Damaged
R00924,O01232,P014,2026-02-13,Wrong Item
R00925,O00342,P030,2026-01-06,Damaged
R00926,O01044,P074,2026-01-07,Wrong Item
R00927,O04858,P036,2026-01-25,Damaged
R00928,O04114,P046,2026-03-04,Wrong Item
R00929,O02468,P063,2025-07-23,Wrong Item
R00930,O04541,P058,2026-02-23,Defective
R00931,O01944,P068,2026-02-13,Defective
R00932,O08512,P041,2025-12-11,Defective
R00933,O02336,P016,2026-02-17,Defective
R00934,O02651,P084,2025-12-18,Damaged
R00935,O06758,P093,2025-10-25,Defective
R00936,O01787,P020,2026-02-16,Customer Changed Mind
R00937,O02772,P081,2025-11-17,Damaged
R00938,O09046,P059,2026-01-05,Customer Changed Mind
R00939,O02920,P088,2026-01-26,Wrong Item
R00940,O06885,P051,2026-02-04,Wrong Item
R00941,O03866,P007,2026-02-02,Defective
R00942,O01852,P038,2025-09-19,Defective
R00943,O06256,P007,2026-01-30,Wrong Item
R00944,O09694,P036,2026-02-15,Wrong Item
R00945,O00575,P036,2026-02-06,Wrong Item
R00946,O01099,P082,2025-12-31,Wrong Item
R00947,O05598,P011,2025-09-02,Damaged
R00948,O06203,P072,2026-01-18,Customer Changed Mind
R00949,O04942,P016,2025-12-28,Wrong Item
R00950,O04525,P053,2025-11-13,Defective
R00951,O06194,P030,2026-02-27,Damaged
R00952,O05841,P071,2025-11-15,Defective
R00953,O04152,P036,2025-09-15,Damaged
R00954,O03760,P029,2025-06-23,Damaged
R00955,O04920,P018,2025-12-23,Defective
R00956,O02268,P046,2025-08-01,Wrong Item
R00957,O08825,P079,2026-03-09,Defective
R00958,O05523,P083,2025-11-03,Damaged
R00959,O08220,P062,2025-11-14,Damaged
R00960,O06898,P089,2026-01-02,Defective
R00961,O07662,P040,2026-03-01,Customer Changed Mind
R00962,O02558,P035,2026-02-13,Customer Changed Mind
R00963,O06682,P060,2025-08-25,Damaged
R00964,O06323,P026,2025-11-29,Wrong Item
R00965,O07907,P010,2025-12-02,Damaged
R00966,O03624,P085,2026-01-09,Defective
R00967,O02768,P080,2025-09-06,Damaged
R00968,O00545,P020,2025-10-01,Defective
R00969,O09713,P033,2025-10-21,Damaged
R00970,O02819,P010,2026-03-07,Wrong Item
R00971,O07488,P043,2025-12-01,Wrong Item
R00972,O07498,P025,2025-12-08,Defective
R00973,O00212,P030,2025-12-06,Customer Changed Mind
R00974,O01301,P050,2025-07-02,Customer Changed Mind
R00975,O08771,P083,2026-01-09,Customer Changed Mind
R00976,O01342,P097,2025-10-29,Wrong Item
R00977,O07598,P094,2026-03-03,Customer Changed Mind
R00978,O00341,P015,2025-12-18,Wrong Item
R00979,O02899,P058,2025-05-24,Damaged
R00980,O03705,P036,2025-11-30,Wrong Item
R00981,O04967,P091,2026-02-08,Wrong Item
R00982,O07140,P022,2026-03-05,Wrong Item
R00983,O08928,P065,2026-03-06,Defective
R00984,O01518,P084,2025-03-30,Customer Changed Mind
R00985,O09516,P041,2026-02-18,Wrong Item
R00986,O04122,P055,2025-11-13,Wrong Item
R00987,O05563,P060,2025-11-16,Customer Changed Mind
R00988,O06115,P019,2026-01-27,Wrong Item
R00989,O02815,P012,2025-06-29,Defective
R00990,O06285,P091,2025-12-13,Customer Changed Mind
R00991,O08198,P072,2026-02-22,Defective
R00992,O02680,P063,2025-04-06,Defective
R00993,O03982,P081,2026-01-27,Defective
R00994,O01244,P037,2026-03-02,Wrong Item
R00995,O04587,P041,2025-12-25,Defective
R00996,O06915,P083,2026-01-01,Customer Changed Mind
R00997,O03077,P039,2025-11-15,Defective
R00998,O00012,P083,2025-10-24,Defective
R00999,O09346,P072,2025-12-05,Defective
R01000,O06566,P051,2026-02-04,Defective
R01001,O04178,P049,2026-02-24,Defective
R01002,O03627,P052,2026-02-27,Customer Changed Mind
R01003,O08537,P017,2025-08-22,Damaged
R01004,O05970,P007,2025-10-07,Damaged
R01005,O00912,P037,2026-03-01,Defective
R01006,O02408,P023,2026-01-30,Wrong Item
R01007,O01193,P071,2025-11-20,Wrong Item
R01008,O00574,P027,2026-03-08,Defective
R01009,O05412,P017,2026-01-15,Wrong Item
R01010,O08704,P086,2025-07-28,Wrong Item
R01011,O06553,P005,2026-01-01,Customer Changed Mind
R01012,O05554,P091,2025-10-26,Damaged
R01013,O04235,P002,2025-12-21,Damaged
R01014,O05183,P088,2026-01-21,Customer Changed Mind
R01015,O08575,P066,2025-12-16,Customer Changed Mind
R01016,O07691,P041,2026-01-07,Damaged
R01017,O02043,P029,2025-07-22,Wrong Item
R01018,O07100,P026,2025-11-08,Damaged
R01019,O06288,P061,2026-02-27,Customer Changed Mind
R01020,O04984,P016,2026-03-04,Wrong Item
R01021,O01294,P084,2026-02-21,Customer Changed Mind
R01022,O04639,P056,2026-01-03,Defective
R01023,O00460,P041,2026-02-04,Damaged
R01024,O01415,P093,2026-02-25,Wrong Item
R01025,O08190,P083,2025-12-22,Damaged
R01026,O08573,P056,2026-02-18,Defective
R01027,O01997,P011,2026-03-01,Damaged
R01028,O03456,P070,2026-02-07,Wrong Item
R01029,O02477,P027,2026-02-18,Damaged
R01030,O01660,P011,2025-12-17,Defective
R01031,O02884,P009,2025-10-14,Damaged
R01032,O02173,P039,2026-02-21,Wrong Item
R01033,O06541,P045,2026-02-17,Defective
R01034,O02737,P027,2026-01-18,Customer Changed Mind
R01035,O06307,P073,2025-12-23,Defective
R01036,O01265,P004,2026-02-22,Damaged
R01037,O01674,P074,2026-02-12,Damaged
R01038,O07072,P060,2026-03-04,Defective
R01039,O01851,P066,2026-01-29,Customer Changed Mind
R01040,O07884,P045,2026-03-08,Wrong Item
R01041,O04262,P039,2025-09-05,Customer Changed Mind
R01042,O03762,P034,2025-10-06,Damaged
R01043,O02692,P038,2025-12-11,Customer Changed Mind
R01044,O04503,P091,2026-01-26,Defective
R01045,O09623,P030,2026-01-02,Wrong Item
R01046,O04955,P045,2025-12-10,Customer Changed Mind
R01047,O06928,P080,2025-08-03,Damaged
R01048,O02282,P049,2025-10-26,Customer Changed Mind
R01049,O02249,P066,2026-01-24,Customer Changed Mind
R01050,O08687,P065,2026-03-07,Damaged
R01051,O07762,P002,2026-02-14,Customer Changed Mind
R01052,O02713,P020,2026-01-08,Damaged
R01053,O07784,P029,2025-07-03,Defective
R01054,O05130,P029,2025-11-20,Defective
R01055,O08758,P100,2026-01-16,Damaged
R01056,O07734,P073,2026-01-29,Customer Changed Mind
R01057,O03401,P050,2026-01-03,Damaged
R01058,O01541,P049,2025-09-23,Customer Changed Mind
R01059,O03705,P036,2026-02-17,Wrong Item
R01060,O03882,P041,2026-03-09,Wrong Item
R01061,O09976,P073,2025-06-06,Defective
R01062,O02795,P037,2026-01-30,Customer Changed Mind
R01063,O08755,P092,2025-05-30,Wrong Item
R01064,O06952,P007,2025-11-02,Customer Changed Mind
R01065,O08295,P020,2025-08-11,Customer Changed Mind
R01066,O09878,P020,2026-02-04,Wrong Item
R01067,O02432,P041,2025-12-25,Damaged
R01068,O04007,P024,2026-01-03,Wrong Item
R01069,O08548,P038,2026-02-20,Wrong Item
R01070,O05964,P077,2025-12-16,Wrong Item
R01071,O08442,P012,2025-08-07,Defective
R01072,O01908,P088,2026-01-09,Damaged
R01073,O05392,P017,2026-01-26,Wrong Item
R01074,O05937,P051,2025-11-08,Damaged
R01075,O03771,P091,2025-12-18,Defective
R01076,O00783,P009,2026-03-09,Wrong Item
R01077,O04504,P069,2026-01-26,Damaged
R01078,O09591,P051,2026-01-26,Defective
R01079,O02210,P070,2025-12-30,Damaged
R01080,O03427,P028,2026-01-22,Damaged
R01081,O05394,P090,2026-01-03,Defective
R01082,O07131,P046,2025-08-07,Defective
R01083,O01455,P043,2025-11-08,Customer Changed Mind
R01084,O09688,P083,2025-06-29,Customer Changed Mind
R01085,O08427,P052,2026-03-08,Customer Changed Mind
R01086,O05375,P070,2025-12-06,Wrong Item
R01087,O00773,P050,2025-08-30,Customer Changed Mind
R01088,O07754,P043,2026-03-07,Defective
R01089,O07055,P005,2025-11-21,Wrong Item
R01090,O04071,P044,2025-09-04,Wrong Item
R01091,O05732,P050,2026-03-03,Customer Changed Mind
R01092,O01344,P056,2025-12-14,Wrong Item
R01093,O09118,P051,2025-10-28,Defective
R01094,O02509,P044,2025-09-18,Customer Changed Mind
R01095,O05899,P021,2025-10-27,Damaged
R01096,O07013,P027,2025-12-29,Damaged
R01097,O07568,P086,2025-08-31,Wrong Item
R01098,O01446,P052,2025-06-04,Defective
R01099,O04986,P014,2026-02-24,Defective
R01100,O04955,P045,2025-11-08,Wrong Item
R01101,O06318,P010,2026-03-04,Customer Changed Mind
R01102,O04722,P087,2026-02-19,Wrong Item
R01103,O04978,P039,2026-03-03,Customer Changed Mind
R01104,O01092,P093,2026-01-05,Damaged
R01105,O09980,P048,2026-02-21,Wrong Item
R01106,O02391,P001,2025-12-04,Defective
R01107,O02523,P007,2026-02-12,Damaged
R01108,O01893,P072,2026-03-02,Defective
R01109,O07999,P011,2026-02-12,Damaged
R01110,O08072,P085,2026-02-05,Damaged
R01111,O03941,P079,2026-01-14,Damaged
R01112,O04303,P074,2026-02-10,Damaged
R01113,O01152,P017,2025-12-03,Defective
R01114,O02077,P066,2026-02-11,Damaged
R01115,O01615,P082,2025-12-16,Customer Changed Mind
R01116,O08937,P032,2026-02-05,Wrong Item
R01117,O02156,P087,2026-01-23,Wrong Item
R01118,O03055,P006,2025-09-17,Customer Changed Mind
R01119,O00584,P071,2025-08-12,Damaged
R01120,O02371,P092,2026-01-19,Damaged
R01121,O02002,P061,2025-08-19,Defective
R01122,O07396,P015,2025-12-28,Damaged
R01123,O06863,P069,2025-10-16,Customer Changed Mind
R01124,O06198,P005,2026-01-24,Damaged
R01125,O06656,P097,2025-10-10,Customer Changed Mind
R01126,O06704,P098,2026-02-25,Customer Changed Mind
R01127,O00025,P026,2026-01-30,Wrong Item
R01128,O01404,P091,2025-06-23,Damaged
R01129,O00190,P033,2026-01-19,Wrong Item
R01130,O09235,P072,2026-02-26,Customer Changed Mind
R01131,O00472,P072,2026-03-03,Defective
R01132,O00654,P005,2026-01-16,Customer Changed Mind
R01133,O04835,P013,2026-03-06,Wrong Item
R01134,O01853,P007,2025-09-13,Damaged
R01135,O00194,P026,2025-12-20,Wrong Item
R01136,O00349,P002,2025-11-02,Damaged
R01137,O04945,P012,2026-02-21,Wrong Item
R01138,O09999,P040,2025-07-12,Defective
R01139,O00130,P095,2026-02-11,Damaged
R01140,O03265,P091,2026-02-13,Damaged
R01141,O05079,P037,2025-10-27,Wrong Item
R01142,O04271,P038,2026-01-29,Defective
R01143,O08176,P099,2026-02-10,Damaged
R01144,O01908,P088,2025-06-15,Damaged
R01145,O07160,P019,2026-01-11,Customer Changed Mind
R01146,O04623,P032,2025-08-31,Defective
R01147,O04810,P039,2025-09-12,Damaged
R01148,O00602,P066,2025-07-07,Defective
R01149,O08646,P087,2026-02-10,Defective
R01150,O03499,P003,2026-03-07,Damaged
R01151,O06973,P033,2026-02-12,Damaged
R01152,O00679,P052,2025-08-26,Defective
R01153,O04036,P026,2026-01-02,Customer Changed Mind
R01154,O09839,P014,2026-02-28,Customer Changed Mind
R01155,O00065,P015,2025-09-05,Damaged
R01156,O07783,P052,2025-08-31,Defective
R01157,O01323,P073,2026-03-02,Defective
R01158,O01379,P066,2025-09-12,Customer Changed Mind
R01159,O05588,P092,2025-12-24,Wrong Item
R01160,O05136,P089,2026-03-08,Customer Changed Mind
R01161,O09110,P096,2025-04-06,Customer Changed Mind
R01162,O05236,P007,2025-09-01,Customer Changed Mind
R01163,O00055,P012,2026-03-08,Defective
R01164,O03867,P054,2025-10-01,Customer Changed Mind
R01165,O00693,P036,2025-09-07,Defective
R01166,O02529,P088,2025-10-07,Wrong Item
R01167,O04765,P012,2026-02-13,Defective
R01168,O04648,P069,2026-02-04,Customer Changed Mind
R01169,O08048,P001,2026-03-05,Customer Changed Mind
R01170,O03795,P099,2025-12-24,Damaged
R01171,O02320,P071,2026-03-04,Defective
R01172,O04274,P093,2025-12-10,Customer Changed Mind
R01173,O00866,P026,2025-10-26,Customer Changed Mind
R01174,O03351,P082,2025-08-09,Customer Changed Mind
R01175,O06817,P080,2026-01-29,Damaged
R01176,O06106,P040,2025-11-24,Wrong Item
R01177,O00612,P032,2025-11-21,Customer Changed Mind
R01178,O06158,P090,2025-12-02,Wrong Item
R01179,O09528,P075,2025-10-14,Wrong Item
R01180,O04428,P098,2025-08-09,Defective
R01181,O02861,P013,2026-01-10,Customer Changed Mind
R01182,O07985,P059,2026-01-18,Customer Changed Mind
R01183,O02148,P006,2026-01-22,Wrong Item
R01184,O07985,P059,2026-02-24,Customer Changed Mind
R01185,O01334,P047,2026-01-28,Wrong Item
R01186,O05224,P025,2026-02-20,Wrong Item
R01187,O01640,P017,2025-11-03,Wrong Item
R01188,O01272,P046,2025-04-10,Damaged
R01189,O00105,P042,2026-01-05,Customer Changed Mind
R01190,O03770,P057,2026-03-06,Wrong Item
R01191,O00536,P086,2026-02-13,Defective
R01192,O05530,P075,2025-11-16,Wrong Item
R01193,O08901,P028,2026-01-09,Damaged
R01194,O08588,P010,2025-06-24,Customer Changed Mind
R01195,O03797,P076,2025-09-04,Wrong Item
R01196,O03181,P024,2025-12-30,Damaged
R01197,O08459,P088,2026-02-16,Wrong Item
R01198,O01438,P079,2026-02-21,Damaged
R01199,O03583,P099,2026-01-13,Customer Changed Mind
R01200,O06639,P068,2026-01-09,Damaged
